"First Name [Required]","Last Name [Required]","Email Address [Required]","Password [Required]"
Alvin,McCarter,noreply-mailalvinmccarter@sagaaz.com,kontol123
Alysha,Vo,noreply-mailalyshavo@sagaaz.com,kontol123
Amir,Harder,noreply-mailamirharder@sagaaz.com,kontol123
Andres,Ahrens,noreply-mailandresahrens@sagaaz.com,kontol123
Ayden,Tamayo,noreply-mailaydentamayo@sagaaz.com,kontol123
Brody,Kyle,noreply-mailbrodykyle@sagaaz.com,kontol123
Brooke,Stuckey,noreply-mailbrookestuckey@sagaaz.com,kontol123
Claire,Langston,noreply-mailclairelangston@sagaaz.com,kontol123
Clay,Devries,noreply-mailclaydevries@sagaaz.com,kontol123
Connor,Colby,noreply-mailconnorcolby@sagaaz.com,kontol123
Curtis,Wills,noreply-mailcurtiswills@sagaaz.com,kontol123
Dariana,Rand,noreply-maildarianarand@sagaaz.com,kontol123
David,Hussain,noreply-maildavidhussain@sagaaz.com,kontol123
Dejah,Nielsen,noreply-maildejahnielsen@sagaaz.com,kontol123
Elsie,Concepcion,noreply-mailelsieconcepcion@sagaaz.com,kontol123
Felicity,Salerno,noreply-mailfelicitysalerno@sagaaz.com,kontol123
Halie,Avalos,noreply-mailhalieavalos@sagaaz.com,kontol123
Ivette,Waldrop,noreply-mailivettewaldrop@sagaaz.com,kontol123
Jaela,Love,noreply-mailjaelalove@sagaaz.com,kontol123
Janae,Mullen,noreply-mailjanaemullen@sagaaz.com,kontol123
Jaxon,Parr,noreply-mailjaxonparr@sagaaz.com,kontol123
Joaquin,Stephenson,noreply-mailjoaquinstephenson@sagaaz.com,kontol123
Kaitlynn,Baumgartner,noreply-mailkaitlynnbaumgartner@sagaaz.com,kontol123
Kane,Gentile,noreply-mailkanegentile@sagaaz.com,kontol123
Kearra,Sheridan,noreply-mailkearrasheridan@sagaaz.com,kontol123
Keyshawn,Mueller,noreply-mailkeyshawnmueller@sagaaz.com,kontol123
Lauryn,Gallo,noreply-maillauryngallo@sagaaz.com,kontol123
Lester,Warden,noreply-maillesterwarden@sagaaz.com,kontol123
Lori,Avery,noreply-mailloriavery@sagaaz.com,kontol123
Lucas,Hackney,noreply-maillucashackney@sagaaz.com,kontol123
Lukas,Cady,noreply-maillukascady@sagaaz.com,kontol123
Lynette,Kinney,noreply-maillynettekinney@sagaaz.com,kontol123
Mallory,Simpkins,noreply-mailmallorysimpkins@sagaaz.com,kontol123
Manuel,Palacios,noreply-mailmanuelpalacios@sagaaz.com,kontol123
Myia,Ruggiero,noreply-mailmyiaruggiero@sagaaz.com,kontol123
Nathaniel,Ross,noreply-mailnathanielross@sagaaz.com,kontol123
Oskar,Amaury,noreply-mailoskaramaury@sagaaz.com,kontol123
Notnamed,Potts,noreply-mailnotnamedpotts@sagaaz.com,kontol123
Pilar,Jacobs,noreply-mailpilarjacobs@sagaaz.com,kontol123
Renee,Scruggs,noreply-mailreneescruggs@sagaaz.com,kontol123
Rhett,Babcock,noreply-mailrhettbabcock@sagaaz.com,kontol123
Rocky,Bauman,noreply-mailrockybauman@sagaaz.com,kontol123
Saul,Bennett,noreply-mailsaulbennett@sagaaz.com,kontol123
Solomon,Cordero,noreply-mailsolomoncordero@sagaaz.com,kontol123
Spencer,Leigh,noreply-mailspencerleigh@sagaaz.com,kontol123
Stephan,Lawton,noreply-mailstephanlawton@sagaaz.com,kontol123
Tatyanna,Chao,noreply-mailtatyannachao@sagaaz.com,kontol123
Trevion,Sanderson,noreply-mailtrevionsanderson@sagaaz.com,kontol123
Victoria,Stanfield,noreply-mailvictoriastanfield@sagaaz.com,kontol123
Zahra,Scales,noreply-mailzahrascales@sagaaz.com,kontol123